{
  "episode": [
    0,
    1,
    2,
    3,
    4,
    5,
    6,
    7,
    8,
    9,
    10,
    11,
    12,
    13,
    14,
    15,
    16,
    17,
    18,
    19,
    20,
    21,
    22,
    23,
    24,
    25,
    26,
    27,
    28,
    29,
    30,
    31,
    32,
    33,
    34,
    35,
    36,
    37,
    38,
    39,
    40,
    41,
    42,
    43,
    44,
    45,
    46,
    47,
    48,
    49
  ],
  "loss": [
    0.0,
    0.0,
    0.0,
    0.0,
    0.17841021716594696,
    0.059531476348638535,
    0.0425451286137104,
    0.02884957194328308,
    0.0259800273925066,
    0.025659535080194473,
    0.023124000057578087,
    0.022140828892588615,
    0.021128833293914795,
    0.018806159496307373,
    0.020915942266583443,
    0.01988981105387211,
    0.017535336315631866,
    0.016881665214896202,
    0.01750127784907818,
    0.016279522329568863,
    0.01588154397904873,
    0.014610588550567627,
    0.014475204981863499,
    0.014406523667275906,
    0.014620466157793999,
    0.016328679397702217,
    0.014901232905685902,
    0.012171111069619656,
    0.012528291903436184,
    0.011508455500006676,
    0.014197511598467827,
    0.011578140780329704,
    0.010876419954001904,
    0.010805205442011356,
    0.009781956672668457,
    0.009232842363417149,
    0.009553669020533562,
    0.010230766609311104,
    0.009591663256287575,
    0.009175905957818031,
    0.008656185120344162,
    0.009256071411073208,
    0.008792389184236526,
    0.008499867282807827,
    0.008104012347757816,
    0.008525608107447624,
    0.007905582897365093,
    0.007922902703285217,
    0.007602326106280088,
    0.0073168640956282616
  ],
  "win_rate": [
    0.6666666666666666,
    0.43333333333333335,
    0.4,
    0.4,
    0.5333333333333333,
    0.4666666666666667,
    0.4,
    0.7666666666666667,
    0.7666666666666667,
    0.6666666666666666,
    0.6666666666666666,
    0.7333333333333333,
    0.8333333333333334,
    0.6666666666666666,
    0.8333333333333334,
    0.6666666666666666,
    0.7666666666666667,
    0.8333333333333334,
    0.6333333333333333,
    0.7,
    0.7333333333333333,
    0.7,
    0.7666666666666667,
    0.6666666666666666,
    0.6666666666666666,
    0.7333333333333333,
    0.6,
    0.7666666666666667,
    0.7666666666666667,
    0.8,
    0.9333333333333333,
    0.8,
    0.8333333333333334,
    0.6333333333333333,
    0.9,
    0.8333333333333334,
    0.6666666666666666,
    0.8333333333333334,
    0.7,
    0.9333333333333333,
    0.7666666666666667,
    0.6666666666666666,
    0.8,
    0.9,
    0.7666666666666667,
    0.8333333333333334,
    0.6666666666666666,
    0.7666666666666667,
    0.8666666666666667,
    0.8333333333333334
  ],
  "epsilon": [
    1.0,
    1.0,
    1.0,
    1.0,
    1.0,
    0.7247796636776955,
    0.5253055608807534,
    0.3807307877431757,
    0.27594593229224296,
    0.2,
    0.14495593273553914,
    0.10506111217615072,
    0.07614615754863513,
    0.05518918645844859,
    0.2,
    0.18875,
    0.17750000000000002,
    0.16625,
    0.155,
    0.14375,
    0.1325,
    0.12125,
    0.11,
    0.09874999999999999,
    0.0875,
    0.07625,
    0.06499999999999997,
    0.05374999999999999,
    0.04733333333333334,
    0.043333333333333335,
    0.03933333333333334,
    0.035333333333333335,
    0.03133333333333334,
    0.027333333333333338,
    0.023333333333333338,
    0.019333333333333334,
    0.01533333333333333,
    0.011333333333333334,
    0.010000000000000002,
    0.010000000000000002,
    0.010000000000000002,
    0.010000000000000002,
    0.010000000000000002,
    0.010000000000000002,
    0.010000000000000002,
    0.010000000000000002,
    0.010000000000000002,
    0.010000000000000002,
    0.010000000000000002,
    0.010000000000000002
  ],
  "buffer_size": [
    30,
    60,
    90,
    120,
    150,
    180,
    210,
    240,
    270,
    300,
    330,
    360,
    390,
    420,
    450,
    480,
    510,
    540,
    570,
    600,
    630,
    660,
    690,
    720,
    750,
    780,
    810,
    840,
    870,
    900,
    930,
    960,
    990,
    1020,
    1050,
    1080,
    1110,
    1140,
    1170,
    1200,
    1230,
    1260,
    1290,
    1320,
    1350,
    1380,
    1410,
    1440,
    1470,
    1500
  ],
  "episode_time": [
    0.29819393157958984,
    0.18920040130615234,
    0.17907023429870605,
    0.13170576095581055,
    27.82832145690918,
    28.808287620544434,
    29.489164113998413,
    29.670229196548462,
    30.4587140083313,
    29.743722200393677,
    30.425283670425415,
    30.157982349395752,
    29.749892711639404,
    30.00362491607666,
    30.91201949119568,
    29.863632440567017,
    29.747910261154175,
    30.147125720977783,
    31.36231517791748,
    31.152951955795288,
    30.358307600021362,
    30.879226446151733,
    30.44417119026184,
    30.146484851837158,
    30.906667232513428,
    30.67082905769348,
    29.962542295455933,
    30.484838008880615,
    31.416056871414185,
    30.01905059814453,
    30.60817003250122,
    29.895763635635376,
    31.148797273635864,
    31.225592374801636,
    31.258066415786743,
    30.291406393051147,
    30.798699855804443,
    30.294008255004883,
    32.38330793380737,
    31.024755716323853,
    30.669563055038452,
    31.60724449157715,
    30.503727197647095,
    30.32983708381653,
    31.90129518508911,
    30.420315504074097,
    30.09049892425537,
    32.06941032409668,
    30.12687397003174,
    30.49506139755249
  ],
  "learning_rate": [
    0.00075,
    0.00035,
    0.00035,
    0.0005,
    0.0005,
    0.0005,
    0.00035,
    0.0005,
    0.00035,
    0.00025,
    0.00035,
    0.00025,
    0.00025,
    0.00025,
    0.00025,
    0.00025,
    0.00025,
    0.00025,
    0.00025,
    0.00025,
    0.00035,
    0.00025,
    0.00035,
    0.00025,
    0.00035,
    0.00025,
    0.00025,
    0.00035,
    0.00025,
    0.00025,
    0.00025,
    0.00025,
    0.00025,
    0.00025,
    0.00025,
    0.00025,
    0.00025,
    0.00025,
    0.00025,
    0.00025,
    0.00025,
    0.00025,
    0.00025,
    0.00025,
    0.00025,
    0.00025,
    0.00025,
    0.00025,
    0.00025,
    0.00025
  ]
}